scenario,liters_mean,liters_p05,liters_p95,eff_mean,eff_p05,eff_p95,pause_mean,liters_gain_pct,eff_gain_pp,pause_reduction_pct
baseline,211924.69216319927,188572.812603801,236799.79443880133,0.4236923408651354,0.39115638551589943,0.4560469304634107,137.66659223688882,0.0,0.0,0.0
s1_5s_visual,216866.68844011697,192906.8670200317,242100.45895949096,0.43249779996740917,0.3996838921750584,0.46484409992711256,135.56912420028112,2.3319586908315304,0.880545910227376,1.5235853539531874
s2_tpm,255604.09557974953,226295.58342006334,287389.2393755734,0.5081021490818374,0.4802473290662709,0.5354206530741297,117.46110956230804,20.610813667202855,8.440980821670196,14.677113994230595
s3_integrated,280142.2213559884,247828.09833289683,314804.32937893545,0.5532862037376646,0.5261566848362242,0.5795954275655802,106.67908515281135,32.18951434892546,12.959386287252917,22.509097218558246
